{
  "n_samples": 258,
  "classes": [
    "A",
    "D",
    "H"
  ],
  "metrics": {
    "log_loss": 0.8038924079275176,
    "brier_multiclass": 0.46978947268403776,
    "ece_15bins": 0.0994931592148783,
    "accuracy": 0.6511627906976745
  },
  "calibration": {
    "enabled": true,
    "method": "sigmoid",
    "cv": 5,
    "folds_failed": 0
  }
}