{
  "n_samples": 258,
  "classes": [
    "A",
    "D",
    "H"
  ],
  "metrics": {
    "log_loss": 0.8091220274788135,
    "brier_multiclass": 0.47102950552924827,
    "ece_15bins": 0.12044577713602815,
    "accuracy": 0.6472868217054264
  },
  "calibration": {
    "enabled": true,
    "method": "sigmoid",
    "cv": 5,
    "folds_failed": 0
  }
}