{
  "n_samples": 258,
  "classes": [
    "A",
    "D",
    "H"
  ],
  "metrics": {
    "log_loss": 0.8381861497287344,
    "brier_multiclass": 0.4751908064768501,
    "ece_15bins": 0.13651018006278134,
    "accuracy": 0.6627906976744186
  }
}